"cod_ibge","municipio","valor","ano","tipo","valor_estado","metrica"
3506359,"Bertioga",17.69155686,2014,"Longevidade",15.79,"Taxas de mortalidade  60 a 69 anos (por mil hab.)"
3506359,"Bertioga",16.2351007,2016,"Longevidade",15.58,"Taxas de mortalidade  60 a 69 anos (por mil hab.)"
3506359,"Bertioga",17.12161237,2018,"Longevidade",15.4,"Taxas de mortalidade  60 a 69 anos (por mil hab.)"
3506359,"Bertioga",22.19854378,2020,"Longevidade",15.77,"Taxas de mortalidade  60 a 69 anos (por mil hab.)"
3506359,"Bertioga",25.42854822,2022,"Longevidade",18.13,"Taxas de mortalidade  60 a 69 anos (por mil hab.)"
3506359,"Bertioga",15.04525565,2024,"Longevidade",14.49,"Taxas de mortalidade  60 a 69 anos (por mil hab.)"
3513504,"Cubatão",20.03454231,2014,"Longevidade",15.79,"Taxas de mortalidade  60 a 69 anos (por mil hab.)"
3513504,"Cubatão",17.10466227,2016,"Longevidade",15.58,"Taxas de mortalidade  60 a 69 anos (por mil hab.)"
3513504,"Cubatão",16.74312826,2018,"Longevidade",15.4,"Taxas de mortalidade  60 a 69 anos (por mil hab.)"
3513504,"Cubatão",19.53371141,2020,"Longevidade",15.77,"Taxas de mortalidade  60 a 69 anos (por mil hab.)"
3513504,"Cubatão",21.09704641,2022,"Longevidade",18.13,"Taxas de mortalidade  60 a 69 anos (por mil hab.)"
3513504,"Cubatão",18.08811986,2024,"Longevidade",14.49,"Taxas de mortalidade  60 a 69 anos (por mil hab.)"
3518701,"Guarujá",19.26348719,2014,"Longevidade",15.79,"Taxas de mortalidade  60 a 69 anos (por mil hab.)"
3518701,"Guarujá",18.11164365,2016,"Longevidade",15.58,"Taxas de mortalidade  60 a 69 anos (por mil hab.)"
3518701,"Guarujá",17.63756243,2018,"Longevidade",15.4,"Taxas de mortalidade  60 a 69 anos (por mil hab.)"
3518701,"Guarujá",18.86429523,2020,"Longevidade",15.77,"Taxas de mortalidade  60 a 69 anos (por mil hab.)"
3518701,"Guarujá",22.08644833,2022,"Longevidade",18.13,"Taxas de mortalidade  60 a 69 anos (por mil hab.)"
3518701,"Guarujá",18.58902576,2024,"Longevidade",14.49,"Taxas de mortalidade  60 a 69 anos (por mil hab.)"
3522109,"Itanhaém",19.23155278,2014,"Longevidade",15.79,"Taxas de mortalidade  60 a 69 anos (por mil hab.)"
3522109,"Itanhaém",22.02693449,2016,"Longevidade",15.58,"Taxas de mortalidade  60 a 69 anos (por mil hab.)"
3522109,"Itanhaém",23.76126126,2018,"Longevidade",15.4,"Taxas de mortalidade  60 a 69 anos (por mil hab.)"
3522109,"Itanhaém",23.98186737,2020,"Longevidade",15.77,"Taxas de mortalidade  60 a 69 anos (por mil hab.)"
3522109,"Itanhaém",28.20595739,2022,"Longevidade",18.13,"Taxas de mortalidade  60 a 69 anos (por mil hab.)"
3522109,"Itanhaém",16.38529166,2024,"Longevidade",14.49,"Taxas de mortalidade  60 a 69 anos (por mil hab.)"
3531100,"Mongaguá",20.31331984,2014,"Longevidade",15.79,"Taxas de mortalidade  60 a 69 anos (por mil hab.)"
3531100,"Mongaguá",23.05596311,2016,"Longevidade",15.58,"Taxas de mortalidade  60 a 69 anos (por mil hab.)"
3531100,"Mongaguá",24.27251414,2018,"Longevidade",15.4,"Taxas de mortalidade  60 a 69 anos (por mil hab.)"
3531100,"Mongaguá",26.28218055,2020,"Longevidade",15.77,"Taxas de mortalidade  60 a 69 anos (por mil hab.)"
3531100,"Mongaguá",32.99676632,2022,"Longevidade",18.13,"Taxas de mortalidade  60 a 69 anos (por mil hab.)"
3531100,"Mongaguá",16.62262055,2024,"Longevidade",14.49,"Taxas de mortalidade  60 a 69 anos (por mil hab.)"
3537602,"Peruíbe",21.03742778,2014,"Longevidade",15.79,"Taxas de mortalidade  60 a 69 anos (por mil hab.)"
3537602,"Peruíbe",19.83069911,2016,"Longevidade",15.58,"Taxas de mortalidade  60 a 69 anos (por mil hab.)"
3537602,"Peruíbe",20.40219806,2018,"Longevidade",15.4,"Taxas de mortalidade  60 a 69 anos (por mil hab.)"
3537602,"Peruíbe",22.33264793,2020,"Longevidade",15.77,"Taxas de mortalidade  60 a 69 anos (por mil hab.)"
3537602,"Peruíbe",27.37113691,2022,"Longevidade",18.13,"Taxas de mortalidade  60 a 69 anos (por mil hab.)"
3537602,"Peruíbe",15.9206276,2024,"Longevidade",14.49,"Taxas de mortalidade  60 a 69 anos (por mil hab.)"
3541000,"Praia Grande",19.54887218,2014,"Longevidade",15.79,"Taxas de mortalidade  60 a 69 anos (por mil hab.)"
3541000,"Praia Grande",19.74860296,2016,"Longevidade",15.58,"Taxas de mortalidade  60 a 69 anos (por mil hab.)"
3541000,"Praia Grande",20.19579654,2018,"Longevidade",15.4,"Taxas de mortalidade  60 a 69 anos (por mil hab.)"
3541000,"Praia Grande",22.76321589,2020,"Longevidade",15.77,"Taxas de mortalidade  60 a 69 anos (por mil hab.)"
3541000,"Praia Grande",25.48291233,2022,"Longevidade",18.13,"Taxas de mortalidade  60 a 69 anos (por mil hab.)"
3541000,"Praia Grande",15.29262356,2024,"Longevidade",14.49,"Taxas de mortalidade  60 a 69 anos (por mil hab.)"
3548500,"Santos",15.57261127,2014,"Longevidade",15.79,"Taxas de mortalidade  60 a 69 anos (por mil hab.)"
3548500,"Santos",14.74939346,2016,"Longevidade",15.58,"Taxas de mortalidade  60 a 69 anos (por mil hab.)"
3548500,"Santos",14.64636592,2018,"Longevidade",15.4,"Taxas de mortalidade  60 a 69 anos (por mil hab.)"
3548500,"Santos",15.21493173,2020,"Longevidade",15.77,"Taxas de mortalidade  60 a 69 anos (por mil hab.)"
3548500,"Santos",17.40747454,2022,"Longevidade",18.13,"Taxas de mortalidade  60 a 69 anos (por mil hab.)"
3548500,"Santos",13.9425099,2024,"Longevidade",14.49,"Taxas de mortalidade  60 a 69 anos (por mil hab.)"
3551009,"São Vicente",18.63834965,2014,"Longevidade",15.79,"Taxas de mortalidade  60 a 69 anos (por mil hab.)"
3551009,"São Vicente",18.02130011,2016,"Longevidade",15.58,"Taxas de mortalidade  60 a 69 anos (por mil hab.)"
3551009,"São Vicente",18.62700389,2018,"Longevidade",15.4,"Taxas de mortalidade  60 a 69 anos (por mil hab.)"
3551009,"São Vicente",20.39731363,2020,"Longevidade",15.77,"Taxas de mortalidade  60 a 69 anos (por mil hab.)"
3551009,"São Vicente",21.84788157,2022,"Longevidade",18.13,"Taxas de mortalidade  60 a 69 anos (por mil hab.)"
3551009,"São Vicente",17.90144082,2024,"Longevidade",14.49,"Taxas de mortalidade  60 a 69 anos (por mil hab.)"
